{
  "Planets": {
    "planet_0": {
      "gravity": 166.66668701171875,
      "drag": 1,
      "radius": 10,
      "center_y": 469.752197265625,
      "center_x": -750.07421875
    },
    "planet_1": {
      "gravity": 500,
      "drag": 5.6666669845581055,
      "radius": 60.000003814697266,
      "center_y": 620.37646484375,
      "center_x": 399.964599609375
    },
    "nb_items": 2,
    "current_index": 0
  },
  "Style": {
    "backgroundColor": -16118253,
    "lineColor": -1319184,
    "lineWidth": 0.23333333432674408
  },
  "Spwaners": {
    "spawner_0": {
      "nb_particles": 56,
      "max_speed": 0.9000000357627869,
      "min_speed": 0.7333333492279053,
      "radius": 43.33333206176758,
      "range_direction": 12.600000381469727,
      "center_y": -16.04150390625,
      "center_x": -248.87890625,
      "direction": 63.600006103515625
    },
    "nb_items": 1,
    "current_index": 0
  },
  "Canvas": {
    "steps_size": 6.760000228881836,
    "max_distance_to_page": 1750.0001220703125,
    "min_distance_to_planets": 23.049999237060547,
    "steps": 3400
  }
}