{

  "Planets": {
    "nb_items": 3,
    "planet_0": {
      "size": 10,
      "gravity": 100,
      "center_y": 0,
      "center_x": 0
    },
    "planet_1": {
      "size": 103.33333587646484,
      "gravity": 100,
      "center_y": -199.9998779296875,
      "center_x": -266.6666259765625
    },
    "planet_2": {
      "size": 176.6666717529297,
      "gravity": -280,
      "center_y": 93.33349609375,
      "center_x": 280
    },
    "current_index": 1
  },
  "Style": {
    "backgroundColor": -16118253,
    "lineColor": -1319184,
    "lineWidth": 0.23333333432674408
  },
  "Particles": {
    "nb_particles": 444,
    "max_radius": 410,
    "cleanup": true,
    "cleanup_min_radius": 26.666667938232422,
    "gravity": 213.33334350585938,
    "steps_size": 6.760000228881836,
    "min_radius": 180,
    "max_speed": 0.17333340644836426,
    "draw": true,
    "min_speed": 0.17333340644836426,
    "steps": 694,
    "cleanup_max_radius": 553.3333129882812
  }
}