{
  "Planets": {
    "planet_0": {
      "size": 60.000003814697266,
      "gravity": 500,
      "drag": 18.83333396911621,
      "center_y": -206.058349609375,
      "center_x": -330.95947265625
    },
    "planet_1": {
      "size": 10,
      "gravity": 123.33331298828125,
      "drag": 1,
      "center_y": 64.7890625,
      "center_x": 174.681396484375
    },
    "nb_items": 2,
    "current_index": 0
  },
  "Style": {
    "backgroundColor": -16118253,
    "lineColor": -1319184,
    "lineWidth": 0.23333333432674408
  },
  "Particles": {
    "nb_particles": 21,
    "max_radius": 410,
    "steps_size": 6.760000228881836,
    "max_distance_to_page": 740,
    "min_radius": 180,
    "min_distance_to_planets": 5,
    "max_speed": 1.3066668510437012,
    "draw": true,
    "min_speed": 0.38666677474975586,
    "steps": 3400
  }
}