{
  "Style": {
    "backgroundColor": -1,
    "lineColor": -16777216,
    "lineWidth": 0.45000001788139343
  },
  "Particles": {
    "nb_particles": 104,
    "max_radius": 410,
    "cleanup": true,
    "cleanup_min_radius": 50,
    "gravity": 13.333333969116211,
    "steps_size": 52.381004333496094,
    "min_radius": 180,
    "max_speed": 0.013333320617675781,
    "draw": true,
    "min_speed": 0.17333340644836426,
    "steps": 694,
    "cleanup_max_radius": 723.3333740234375
  }
}