{
  "Planets": {
    "planet_0": {
      "size": 50,
      "gravity": 500,
      "center_y": 0,
      "center_x": 13.3333740234375
    },
    "planet_1": {
      "size": 10,
      "gravity": 123.33331298828125,
      "center_y": -226.6666259765625,
      "center_x": 373.33349609375
    },
    "nb_items": 2,
    "current_index": 1
  },
  "Style": {
    "backgroundColor": -16118253,
    "lineColor": -1319184,
    "lineWidth": 0.23333333432674408
  },
  "Particles": {
    "nb_particles": 18,
    "max_radius": 410,
    "steps_size": 1.0989999771118164,
    "max_distance_to_page": 2000,
    "min_radius": 180,
    "min_distance_to_planets": 5,
    "max_speed": 1.3066668510437012,
    "draw": true,
    "min_speed": 0.38666677474975586,
    "steps": 3499
  }
}