{
  "Planets": {
    "planet_0": {
      "gravity": 500,
      "drag": 18.83333396911621,
      "radius": 60.000003814697266,
      "center_y": -170.0582275390625,
      "center_x": -53.95947265625
    },
    "planet_1": {
      "gravity": 123.33331298828125,
      "drag": 1,
      "radius": 10,
      "center_y": 290.788818359375,
      "center_x": -44.318603515625
    },
    "nb_items": 2,
    "current_index": 0
  },
  "Canvas": {
    "steps_size": 6.760000228881836,
    "max_distance_to_page": 740,
    "min_distance_to_planets": 35.08333206176758,
    "steps": 3400
  },
  "Style": {
    "backgroundColor": -16118253,
    "lineColor": -1319184,
    "lineWidth": 0.23333333432674408
  },
  "Spwaners": {
    "spawner_0": {
      "nb_particles": 118,
      "max_speed": 1.5999999046325684,
      "min_speed": 1,
      "radius": 10,
      "range_direction": 180,
      "center_y": 39.0009765625,
      "center_x": -45,
      "direction": -180
    },
    "nb_items": 1,
    "current_index": 0
  }
}